{"tMBdem-e9Fk": [1.7777777777777777, 1.3333333333333333], "X7NlnFZXsy8": [0.3333333333333333, 0.4444444444444444], "4-e2bCkzkIs": [0.3333333333333333, 0.4444444444444444], "GJQDpFbK3fU": [0.5, 0.6666666666666666], "uTxW7o9c5MI": [0.7901234567901234, 1.0], "4ZPQuHMhniQ": [0.3333333333333333, 0.4444444444444444], "1rYs_wUZ0hM": [0.3333333333333333, 0.4444444444444444], "yNt0yY3JbIM": [0.3333333333333333, 0.4444444444444444], "1cNv7eqjR3Q": [0.5, 0.6666666666666666], "DrG08jVhbLw": [0.5, 0.6666666666666666], "0rtGwRFG0Hk": [0.3333333333333333, 0.4444444444444444], "RGsKOHu4D8o": [0.5, 0.6666666666666666], "9s3k6j3ft0w": [0.5, 0.6666666666666666], "Z6AwsPKbHAU": [0.3333333333333333, 0.4444444444444444], "qyL_cYxV6QA": [0.3333333333333333, 0.4444444444444444], "3LasetIg7Q8": [1.0, 1.0], "TJP34JxI9DQ": [0.5, 0.6666666666666666], "2-XJcrvRCXM": [1.0, 1.0], "-5m_16X3IMo": [0.7494145199063232, 1.0], "5v8QkijeqHk": [0.3333333333333333, 0.4444444444444444], "1ugesWXaSmQ": [0.3333333333333333, 0.4444444444444444], "-89_obTUlSU": [0.5, 0.6666666666666666], "42dbuhteL4o": [0.3333333333333333, 0.4444444444444444], "0tcT84VeD2c": [0.5, 0.6666666666666666], "AJ9lahVmWIw": [0.5, 0.6666666666666666], "UDhi7Y2ahPw": [0.3333333333333333, 0.4444444444444444], "Vuy2nrJz0Zw": [0.3333333333333333, 0.4444444444444444], "0vH1TYaf6v4": [0.5, 0.6666666666666666], "vce5Qu6Ur1g": [0.3333333333333333, 0.4444444444444444], "-q5MfvBP9RE": [0.7494145199063232, 1.0084033613445378], "1EXUX0MB_68": [0.5, 0.6666666666666666], "VrJT_QXIxWA": [0.5, 0.6666666666666666], "0tkyF9Cjhk4": [0.3333333333333333, 0.4444444444444444], "0TjrAQPfJ0o": [0.3333333333333333, 0.4444444444444444], "7R4Py5WkpDo": [0.3333333333333333, 0.4444444444444444], "0MuKqqOOrxw": [0.3333333333333333, 0.4444444444444444], "ZVwEGu6vfPk": [0.3333333333333333, 0.4444444444444444], "zrxNMHHgz0g": [0.3333333333333333, 0.4444444444444444], "gSlmIS1dZpo": [0.3333333333333333, 0.4444444444444444], "yEf5Vhm_5Q4": [0.5, 0.6666666666666666], "zk4dz9-Ubsk": [0.5, 0.6666666666666666], "0p9c5Rb8XDU": [0.3333333333333333, 0.4444444444444444], "z0VEfCUQ8Hs": [0.5, 0.6666666666666666], "7ErYT9ZtHJY": [0.3333333333333333, 0.4444444444444444], "04sDcaLeEjE": [1.0, 1.0], "B6pj1jfbtMw": [0.3333333333333333, 0.4444444444444444], "-8Jnwe0lADI": [0.3333333333333333, 0.4444444444444444], "8HeJC2coREo": [1.3333333333333333, 1.3333333333333333], "8WAElNjtkmI": [0.5, 0.6666666666666666], "z4Y4S-7VDAo": [0.3333333333333333, 0.4444444444444444], "ZKWaGNECyEQ": [0.7494145199063232, 1.0], "3tdXdU2kBOE": [0.7494145199063232, 1.0], "7vW4jy2JAZI": [0.3333333333333333, 0.4444444444444444], "aDhsWnCi6bs": [0.3333333333333333, 0.4444444444444444], "7BgTWjVKoxI": [0.7494145199063232, 1.00418410041841], "14RqrKRybKM": [0.3333333333333333, 0.4444444444444444], "xGTxlQ7TojE": [0.3333333333333333, 0.4444444444444444], "55RIIi1sLfM": [0.3333333333333333, 0.4444444444444444], "0Nr-YHxL72M": [0.5, 0.6666666666666666], "ys0zQlQcmWA": [0.3333333333333333, 0.4444444444444444], "hRq269sj3Dk": [0.5, 0.6666666666666666], "7TGfw_KjTn8": [0.5, 0.6666666666666666], "-2TGG1WFF3A": [0.7494145199063232, 1.0], "zWsgkrYDioI": [0.3333333333333333, 0.4444444444444444], "1F94eQTx6Vo": [0.5, 0.6666666666666666], "3xLkz4f4dX0": [0.3333333333333333, 0.4444444444444444], "PzLb9Pc6q1o": [1.3333333333333333, 1.3333333333333333], "dOOl-Ff2H2E": [2.0, 2.0], "ZNEzk21_HwY": [0.3333333333333333, 0.4444444444444444], "pPYHEnnN08s": [0.5, 0.6666666666666666], "hFB086bopJw": [0.3333333333333333, 0.4444444444444444], "G-O-gd1HATc": [0.5, 0.6666666666666666], "0oHKJRw5jFM": [0.3333333333333333, 0.4444444444444444], "-4oyhgzPmCw": [1.0, 1.3953488372093024], "4LtF8vuXd0o": [0.5, 0.6666666666666666], "YBF8gcUuPYU": [0.3333333333333333, 0.4444444444444444], "y-Wr401Bio4": [0.7901234567901234, 1.0], "4Bn77GTJ63c": [0.3333333333333333, 0.4444444444444444], "8TIweTobAZQ": [0.5, 0.6666666666666666], "Q4XwTDpUB3o": [0.7494145199063232, 1.0], "B1jLazyO3yQ": [0.3333333333333333, 0.4444444444444444], "V7IQSlDMf3U": [0.7494145199063232, 1.0], "X4F06nMR664": [0.5, 0.6666666666666666], "5R_4ev_1J9E": [0.3333333333333333, 0.4444444444444444], "GEn8L3VODk8": [0.3333333333333333, 0.4444444444444444], "CM4iLdepaqU": [2.5, 3.3333333333333335], "096nESIA2e8": [0.3333333333333333, 0.4444444444444444], "48v-DHaGfcg": [1.0, 1.3333333333333333], "ZY2mpcrvljw": [0.3333333333333333, 0.4444444444444444], "YTXDUNGlJyQ": [0.5, 0.6666666666666666], "aRDICA9x9vg": [0.5, 0.6666666666666666], "oksqDooy6Ls": [0.3333333333333333, 0.4444444444444444], "WDWEsTCY5_k": [0.3333333333333333, 0.4444444444444444], "45wbPSTfLBo": [0.3333333333333333, 0.4444444444444444], "yS4ccYx8UAU": [0.5, 0.6666666666666666], "tFsLL2xvpdQ": [0.3333333333333333, 0.4444444444444444], "z_WPV8ipFh8": [0.5, 0.6666666666666666], "2kop4occwec": [0.3333333333333333, 0.4444444444444444], "2EoaCR2thUs": [0.3333333333333333, 0.4444444444444444], "Vxjhzu7l57E": [1.5023474178403755, 2.0], "1iV43wsHXS0": [1.8181818181818181, 1.83206106870229], "y-QHF7dDiNI": [1.0, 1.0], "Z1wjhJaAC4Y": [0.5, 0.6666666666666666], "1S6S2XxZCEI": [0.7494145199063232, 1.0], "1CfeeRIdvgc": [0.5, 0.6666666666666666], "4hMJTKh3yFQ": [0.3333333333333333, 0.4444444444444444], "qsXwvn-3zl8": [0.5, 0.6666666666666666], "b9j1xqlnOMU": [0.5, 0.6666666666666666], "2cnkxMe8b4Y": [0.3333333333333333, 0.4444444444444444], "x3zxme5vxgU": [0.3333333333333333, 0.4444444444444444], "GrIXOsIM1C4": [0.5, 0.6666666666666666], "1fsBD8kD1Gw": [0.6666666666666666, 0.6666666666666666], "_9mgOkzm-xg": [0.5, 0.6666666666666666], "2--rBUf69DM": [0.5, 0.6666666666666666], "9UPRirN6Os0": [0.5, 0.6666666666666666], "4UnrxxBkN-Y": [1.0, 1.0], "FLB0LqX3E7Q": [0.5, 0.6666666666666666], "UO9ERP8Gvr8": [2.0, 2.0], "65ifzkFi614": [1.3333333333333333, 1.3333333333333333], "1EO9Qx9VD0E": [0.898876404494382, 1.0], "1eye6M0yyrs": [0.5, 0.6666666666666666], "4fRvyVg7tO8": [0.3333333333333333, 0.4444444444444444], "5XyTfM2y3hM": [0.3333333333333333, 0.4444444444444444], "zTnwgP39eAg": [0.3333333333333333, 0.4444444444444444], "faqnfPwg9R4": [0.3333333333333333, 0.4444444444444444], "lZ0zN7BiQl8": [0.3333333333333333, 0.4444444444444444], "_8BJZetE9rg": [1.3333333333333333, 1.3333333333333333], "CBQ9ynRIiE4": [0.5, 0.6666666666666666], "PnjCaEZpn8o": [1.5023474178403755, 2.0], "AIr_S7vZOqc": [0.5, 0.6666666666666666], "znotAzoftpM": [0.3333333333333333, 0.4444444444444444], "3EaGd8JQWtI": [0.3333333333333333, 0.4444444444444444], "4V956PuOWcU": [0.3333333333333333, 0.4444444444444444], "j9qQg_KbX5A": [0.3333333333333333, 0.4444444444444444], "F-B_hPCTtQo": [0.3333333333333333, 0.4444444444444444], "zl-CWjwhwNQ": [0.5, 0.6666666666666666], "fug8EZr25yA": [0.7494145199063232, 1.0], "0xzMkL5FGlE": [1.0, 1.0], "4bejyXi0Gs0": [1.3333333333333333, 1.3333333333333333], "4u_fiTlBpLU": [0.5, 0.6666666666666666], "zV72T3vzAi4": [0.3333333333333333, 0.4444444444444444], "WSXGBL_KGdQ": [0.3333333333333333, 0.4444444444444444], "2mQNNFaAvc4": [2.0, 2.0], "_3zVcyfIheo": [0.5, 0.6666666666666666], "VMh-gPt6Rwk": [0.5, 0.6666666666666666], "_47FQRlGy9w": [1.3333333333333333, 1.3333333333333333], "ggILameZ7P4": [0.5, 0.6666666666666666], "BUz8xzQ5EwQ": [1.0, 1.3333333333333333], "ecVZ791EQ5E": [0.3333333333333333, 0.4444444444444444], "fIfoazNdrCY": [0.3333333333333333, 0.4444444444444444], "7X7gH_1FpOk": [0.5, 0.6666666666666666], "0ypSLkV3tac": [0.5, 0.6666666666666666], "0hjj7X9hdjY": [0.5, 0.6666666666666666], "85kcRoln4ZE": [1.0, 1.3333333333333333], "YvDmYSXs7gU": [0.5, 0.6666666666666666], "uhLqVM-j-8E": [0.3333333333333333, 0.4444444444444444], "xG9G-qHNbtY": [1.3333333333333333, 1.3333333333333333], "ZUYyg4iLYQw": [0.3333333333333333, 0.4444444444444444], "yTIIG-sz0ig": [0.3333333333333333, 0.4444444444444444], "ntVTeJiepLY": [1.0, 1.0], "a2j_3CLvhXE": [0.5, 0.6666666666666666], "0VbRh9Ug6Xw": [0.5, 0.6666666666666666], "1KNr2qzTMbQ": [0.5, 0.6666666666666666], "zuYFVFvCRMs": [0.5, 0.6666666666666666],